Workbook

Sheet nba_team_financials
A1: 2025-26 NBA Season | J1: Data Sources
A2: Team | B2: Payroll | C2: Revenue | D2: Valuation ($B) | E2: Wins | F2: Losses | G2: Win % | H2: Playoff Result | J2: Payroll (Total Cap Allocation) | K2: Spotrac
A3: Atlanta Hawks | B3: 193255583 | C3: 477000000 | D3: 5000000000 | E3: 46 | F3: 36 | G3: 0.561 | H3: First Round | J3: Revenue | K3: Forbes
A4: Boston Celtics | B4: 194526296 | C4: 458000000 | D4: 6700000000 | E4: 56 | F4: 26 | G4: 0.683 | H4: First Round | J4: Valuation | K4: Forbes
A5: Brooklyn Nets | B5: 150960352 | C5: 402000000 | D5: 5600000000 | E5: 20 | F5: 62 | G5: 0.244 | H5: Missed Playoffs | J5: Win/Loss Record | K5: ESPN
A6: Charlotte Hornets | B6: 183806358 | C6: 328000000 | D6: 3800000000 | E6: 44 | F6: 38 | G6: 0.537 | H6: Missed Playoffs | J6: Win % | K6: ESPN
A7: Chicago Bulls | B7: 187673271 | C7: 434000000 | D7: 6000000000 | E7: 31 | F7: 51 | G7: 0.378 | H7: Missed Playoffs
A8: Cleveland Cavaliers | B8: 226181970 | C8: 440000000 | D8: 4800000000 | E8: 52 | F8: 30 | G8: 0.634 | H8: Conference Finals
A9: Dallas Mavericks | B9: 200372430 | C9: 407000000 | D9: 5100000000 | E9: 26 | F9: 56 | G9: 0.317 | H9: Missed Playoffs
A10: Denver Nuggets | B10: 200743895 | C10: 364000000 | D10: 4600000000 | E10: 54 | F10: 28 | G10: 0.659 | H10: First Round
A11: Detroit Pistons | B11: 193082507 | C11: 321000000 | D11: 3650000000 | E11: 60 | F11: 22 | G11: 0.732 | H11: Conference Semifinals
A12: Golden State Warriors | B12: 234222725 | C12: 880000000 | D12: 11000000000 | E12: 37 | F12: 45 | G12: 0.451 | H12: Missed Playoffs
A13: Houston Rockets | B13: 201412484 | C13: 467000000 | D13: 5900000000 | E13: 52 | F13: 30 | G13: 0.634 | H13: First Round
A14: Indiana Pacers | B14: 191900207 | C14: 342000000 | D14: 4200000000 | E14: 19 | F14: 63 | G14: 0.232 | H14: Missed Playoffs
A15: Los Angeles Clippers | B15: 199054230 | C15: 569000000 | D15: 7500000000 | E15: 42 | F15: 40 | G15: 0.512 | H15: Missed Playoffs
A16: Los Angeles Lakers | B16: 211399497 | C16: 551000000 | D16: 10000000000 | E16: 53 | F16: 29 | G16: 0.646 | H16: Conference Semifinals
A17: Memphis Grizzlies | B17: 157650285 | C17: 306000000 | D17: 3500000000 | E17: 25 | F17: 57 | G17: 0.305 | H17: Missed Playoffs
A18: Miami Heat | B18: 197952062 | C18: 417000000 | D18: 5700000000 | E18: 43 | F18: 39 | G18: 0.524 | H18: Missed Playoffs
... A32: Washington Wizards | B32: 232033397 | C32: 389000000 | D32: 4700000000 | E32: 17 | F32: 65 | G32: 0.207 | H32: Missed Playoffs

Sheet Calculations
A1: Team | B1: Revenue Per Win | C1: Wins Per $1M Payroll | D1: Revenue-To-Payroll | E1: Win % | G1: Metric | H1: What It Measures | I1: Better Direction | J1: Weight
A2: Atlanta Hawks | B2: =nba_team_financials!C3/nba_team_financials!E3 -> 10369565 | C2: =nba_team_financials!E3/(nba_team_financials!B3/1000000) -> 0.23802676 | D2: =nba_team_financials!C3/nba_team_financials!B3 -> 2.468234 | E2: =nba_team_financials!G3 -> 0.561 | G2: Revenue/Win Rank | H2: Revenue generated for each win | I2: Higher | J2: 0.15
A3: Boston Celtics | B3: =nba_team_financials!C4/nba_team_financials!E4 -> 8178571.4 | C3: =nba_team_financials!E4/(nba_team_financials!B4/1000000) -> 0.28787882 | D3: =nba_team_financials!C4/nba_team_financials!B4 -> 2.3544375 | E3: =nba_team_financials!G4 -> 0.683 | G3: Wins/$1M Rank | H3: Wins generated per $1M of payroll | I3: Higher | J3: 0.3
A4: Brooklyn Nets | B4: =nba_team_financials!C5/nba_team_financials!E5 -> 20100000 | C4: =nba_team_financials!E5/(nba_team_financials!B5/1000000) -> 0.13248512 | D4: =nba_team_financials!C5/nba_team_financials!B5 -> 2.6629509 | E4: =nba_team_financials!G5 -> 0.244 | G4: Rev-to-Payroll Rank | H4: Revenue generated for every $1 of payroll | I4: Higher | J4: 0.3
A5: Charlotte Hornets | B5: =nba_team_financials!C6/nba_team_financials!E6 -> 7454545.5 | C5: =nba_team_financials!E6/(nba_team_financials!B6/1000000) -> 0.23938236 | D5: =nba_team_financials!C6/nba_team_financials!B6 -> 1.7844867 | E5: =nba_team_financials!G6 -> 0.537 | G5: Win % Rank | H5: Team's win percentage rank vs. the league | I5: Higher | J5: 0.25
A6: Chicago Bulls | B6: =nba_team_financials!C7/nba_team_financials!E7 -> 14000000 | C6: =nba_team_financials!E7/(nba_team_financials!B7/1000000) -> 0.16518069 | D6: =nba_team_financials!C7/nba_team_financials!B7 -> 2.3125296 | E6: =nba_team_financials!G7 -> 0.378 | G6: Overall Score | H6: Weighted average of the four rank columns above | I6: Lower | J6: N/A
A7: Cleveland Cavaliers | B7: =nba_team_financials!C8/nba_team_financials!E8 -> 8461538.5 | C7: =nba_team_financials!E8/(nba_team_financials!B8/1000000) -> 0.22990338 | D7: =nba_team_financials!C8/nba_team_financials!B8 -> 1.9453363 | E7: =nba_team_financials!G8 -> 0.634 | G7: Overall Rank | H7: Team's overall efficiency rank vs. the league | I7: Lower | J7: N/A
A8: Dallas Mavericks | B8: =nba_team_financials!C9/nba_team_financials!E9 -> 15653846 | C8: =nba_team_financials!E9/(nba_team_financials!B9/1000000) -> 0.12975837 | D8: =nba_team_financials!C9/nba_team_financials!B9 -> 2.0312176 | E8: =nba_team_financials!G9 -> 0.317
A9: Denver Nuggets | B9: =nba_team_financials!C10/nba_team_financials!E10 -> 6740740.7 | C9: =nba_team_financials!E10/(nba_team_financials!B10/1000000) -> 0.26899946 | D9: =nba_team_financials!C10/nba_team_financials!B10 -> 1.8132556 | E9: =nba_team_financials!G10 -> 0.659
A10: Detroit Pistons | B10: =nba_team_financials!C11/nba_team_financials!E11 -> 5350000 | C10: =nba_team_financials!E11/(nba_team_financials!B11/1000000) -> 0.31074799 | D10: =nba_team_financials!C11/nba_team_financials!B11 -> 1.6625017 | E10: =nba_team_financials!G11 -> 0.732
A11: Golden State Warriors | B11: =nba_team_financials!C12/nba_team_financials!E12 -> 23783784 | C11: =nba_team_financials!E12/(nba_team_financials!B12/1000000) -> 0.1579693 | D11: =nba_team_financials!C12/nba_team_financials!B12 -> 3.7571077 | E11: =nba_team_financials!G12 -> 0.451
A12: Houston Rockets | B12: =nba_team_financials!C13/nba_team_financials!E13 -> 8980769.2 | C12: =nba_team_financials!E13/(nba_team_financials!B13/1000000) -> 0.25817665 | D12: =nba_team_financials!C13/nba_team_financials!B13 -> 2.3186249 | E12: =nba_team_financials!G13 -> 0.634
A13: Indiana Pacers | B13: =nba_team_financials!C14/nba_team_financials!E14 -> 18000000 | C13: =nba_team_financials!E14/(nba_team_financials!B14/1000000) -> 0.099009794 | D13: =nba_team_financials!C14/nba_team_financials!B14 -> 1.7821763 | E13: =nba_team_financials!G14 -> 0.232
A14: Los Angeles Clippers | B14: =nba_team_financials!C15/nba_team_financials!E15 -> 13547619 | C14: =nba_team_financials!E15/(nba_team_financials!B15/1000000) -> 0.21099778 | D14: =nba_team_financials!C15/nba_team_financials!B15 -> 2.8585175 | E14: =nba_team_financials!G15 -> 0.512
A15: Los Angeles Lakers | B15: =nba_team_financials!C16/nba_team_financials!E16 -> 10396226 | C15: =nba_team_financials!E16/(nba_team_financials!B16/1000000) -> 0.25071015 | D15: =nba_team_financials!C16/nba_team_financials!B16 -> 2.6064395 | E15: =nba_team_financials!G16 -> 0.646
A16: Memphis Grizzlies | B16: =nba_team_financials!C17/nba_team_financials!E17 -> 12240000 | C16: =nba_team_financials!E17/(nba_team_financials!B17/1000000) -> 0.15857884 | D16: =nba_team_financials!C17/nba_team_financials!B17 -> 1.9410051 | E16: =nba_team_financials!G17 -> 0.305
A17: Miami Heat | B17: =nba_team_financials!C18/nba_team_financials!E18 -> 9697674.4 | C17: =nba_team_financials!E18/(nba_team_financials!B18/1000000) -> 0.21722431 | D17: =nba_team_financials!C18/nba_team_financials!B18 -> 2.1065706 | E17: =nba_team_financials!G18 -> 0.524
A18: Milwaukee Bucks | B18: =nba_team_financials!C19/nba_team_financials!E19 -> 11093750 | C18: =nba_team_financials!E19/(nba_team_financials!B19/1000000) -> 0.17654647 | D18: =nba_team_financials!C19/nba_team_financials!B19 -> 1.9585624 | E18: =nba_team_financials!G19 -> 0.39
A19: Minnesota Timberwolves | B19: =nba_team_financials!C20/nba_team_financials!E20 -> 6530612.2 | C19: =nba_team_financials!E20/(nba_team_financials!B20/1000000) -> 0.21412219 | D19: =nba_team_financials!C20/nba_team_financials!B20 -> 1.398349 | E19: =nba_team_financials!G20 -> 0.598
... A31: Washington Wizards | B31: =nba_team_financials!C32/nba_team_financials!E32 -> 22882353 | C31: =nba_team_financials!E32/(nba_team_financials!B32/1000000) -> 0.073265315 | D31: =nba_team_financials!C32/nba_team_financials!B32 -> 1.6764828 | E31: =nba_team_financials!G32 -> 0.207
A34: Team | B34: Revenue/Win Rank | C34: Wins/$1M Rank | D34: Rev-to-Payroll Rank | E34: Win % Rank | F34: Overall Score | G34: Overall Rank
A35: =A2 -> Atlanta Hawks | B35: =_xlfn.RANK.EQ(B2,$B$2:$B$31,0) -> 15 | C35: =_xlfn.RANK.EQ(C2,$C$2:$C$31,0) -> 10 | D35: =_xlfn.RANK.EQ(D2,$D$2:$D$31,0) -> 6 | E35: =_xlfn.RANK.EQ(E2,$E$2:$E$31,0) -> 11 | F35: =(C35*0.3)+(D35*0.3)+(B35*0.15)+(E35*0.25) -> 9.8 | G35: =_xlfn.RANK.EQ(F35,$F$35:$F$64,1) -> 6
A36: =A3 -> Boston Celtics | B36: =_xlfn.RANK.EQ(B3,$B$2:$B$31,0) -> 23 | C36: =_xlfn.RANK.EQ(C3,$C$2:$C$31,0) -> 4 | D36: =_xlfn.RANK.EQ(D3,$D$2:$D$31,0) -> 8 | E36: =_xlfn.RANK.EQ(E3,$E$2:$E$31,0) -> 4 | F36: =(C36*0.3)+(D36*0.3)+(B36*0.15)+(E36*0.25) -> 8.05 | G36: =_xlfn.RANK.EQ(F36,$F$35:$F$64,1) -> 3
A37: =A4 -> Brooklyn Nets | B37: =_xlfn.RANK.EQ(B4,$B$2:$B$31,0) -> 3 | C37: =_xlfn.RANK.EQ(C4,$C$2:$C$31,0) -> 24 | D37: =_xlfn.RANK.EQ(D4,$D$2:$D$31,0) -> 3 | E37: =_xlfn.RANK.EQ(E4,$E$2:$E$31,0) -> 28 | F37: =(C37*0.3)+(D37*0.3)+(B37*0.15)+(E37*0.25) -> 15.55 | G37: =_xlfn.RANK.EQ(F37,$F$35:$F$64,1) -> 17
A38: =A5 -> Charlotte Hornets | B38: =_xlfn.RANK.EQ(B5,$B$2:$B$31,0) -> 24 | C38: =_xlfn.RANK.EQ(C5,$C$2:$C$31,0) -> 9 | D38: =_xlfn.RANK.EQ(D5,$D$2:$D$31,0) -> 23 | E38: =_xlfn.RANK.EQ(E5,$E$2:$E$31,0) -> 16 | F38: =(C38*0.3)+(D38*0.3)+(B38*0.15)+(E38*0.25) -> 17.2 | G38: =_xlfn.RANK.EQ(F38,$F$35:$F$64,1) -> 19
A39: =A6 -> Chicago Bulls | B39: =_xlfn.RANK.EQ(B6,$B$2:$B$31,0) -> 8 | C39: =_xlfn.RANK.EQ(C6,$C$2:$C$31,0) -> 21 | D39: =_xlfn.RANK.EQ(D6,$D$2:$D$31,0) -> 10 | E39: =_xlfn.RANK.EQ(E6,$E$2:$E$31,0) -> 22 | F39: =(C39*0.3)+(D39*0.3)+(B39*0.15)+(E39*0.25) -> 16 | G39: =_xlfn.RANK.EQ(F39,$F$35:$F$64,1) -> 18
A40: =A7 -> Cleveland Cavaliers | B40: =_xlfn.RANK.EQ(B7,$B$2:$B$31,0) -> 21 | C40: =_xlfn.RANK.EQ(C7,$C$2:$C$31,0) -> 13 | D40: =_xlfn.RANK.EQ(D7,$D$2:$D$31,0) -> 18 | E40: =_xlfn.RANK.EQ(E7,$E$2:$E$31,0) -> 8 | F40: =(C40*0.3)+(D40*0.3)+(B40*0.15)+(E40*0.25) -> 14.45 | G40: =_xlfn.RANK.EQ(F40,$F$35:$F$64,1) -> 14
A41: =A8 -> Dallas Mavericks | B41: =_xlfn.RANK.EQ(B8,$B$2:$B$31,0) -> 6 | C41: =_xlfn.RANK.EQ(C8,$C$2:$C$31,0) -> 25 | D41: =_xlfn.RANK.EQ(D8,$D$2:$D$31,0) -> 14 | E41: =_xlfn.RANK.EQ(E8,$E$2:$E$31,0) -> 23 | F41: =(C41*0.3)+(D41*0.3)+(B41*0.15)+(E41*0.25) -> 18.35 | G41: =_xlfn.RANK.EQ(F41,$F$35:$F$64,1) -> 21
A42: =A9 -> Denver Nuggets | B42: =_xlfn.RANK.EQ(B9,$B$2:$B$31,0) -> 26 | C42: =_xlfn.RANK.EQ(C9,$C$2:$C$31,0) -> 5 | D42: =_xlfn.RANK.EQ(D9,$D$2:$D$31,0) -> 22 | E42: =_xlfn.RANK.EQ(E9,$E$2:$E$31,0) -> 5 | F42: =(C42*0.3)+(D42*0.3)+(B42*0.15)+(E42*0.25) -> 13.25 | G42: =_xlfn.RANK.EQ(F42,$F$35:$F$64,1) -> 11
A43: =A10 -> Detroit Pistons | B43: =_xlfn.RANK.EQ(B10,$B$2:$B$31,0) -> 30 | C43: =_xlfn.RANK.EQ(C10,$C$2:$C$31,0) -> 3 | D43: =_xlfn.RANK.EQ(D10,$D$2:$D$31,0) -> 26 | E43: =_xlfn.RANK.EQ(E10,$E$2:$E$31,0) -> 3 | F43: =(C43*0.3)+(D43*0.3)+(B43*0.15)+(E43*0.25) -> 13.95 | G43: =_xlfn.RANK.EQ(F43,$F$35:$F$64,1) -> 13
A44: =A11 -> Golden State Warriors | B44: =_xlfn.RANK.EQ(B11,$B$2:$B$31,0) -> 1 | C44: =_xlfn.RANK.EQ(C11,$C$2:$C$31,0) -> 23 | D44: =_xlfn.RANK.EQ(D11,$D$2:$D$31,0) -> 1 | E44: =_xlfn.RANK.EQ(E11,$E$2:$E$31,0) -> 20 | F44: =(C44*0.3)+(D44*0.3)+(B44*0.15)+(E44*0.25) -> 12.35 | G44: =_xlfn.RANK.EQ(F44,$F$35:$F$64,1) -> 10
A45: =A12 -> Houston Rockets | B45: =_xlfn.RANK.EQ(B12,$B$2:$B$31,0) -> 19 | C45: =_xlfn.RANK.EQ(C12,$C$2:$C$31,0) -> 6 | D45: =_xlfn.RANK.EQ(D12,$D$2:$D$31,0) -> 9 | E45: =_xlfn.RANK.EQ(E12,$E$2:$E$31,0) -> 8 | F45: =(C45*0.3)+(D45*0.3)+(B45*0.15)+(E45*0.25) -> 9.35 | G45: =_xlfn.RANK.EQ(F45,$F$35:$F$64,1) -> 5
A46: =A13 -> Indiana Pacers | B46: =_xlfn.RANK.EQ(B13,$B$2:$B$31,0) -> 4 | C46: =_xlfn.RANK.EQ(C13,$C$2:$C$31,0) -> 29 | D46: =_xlfn.RANK.EQ(D13,$D$2:$D$31,0) -> 24 | E46: =_xlfn.RANK.EQ(E13,$E$2:$E$31,0) -> 29 | F46: =(C46*0.3)+(D46*0.3)+(B46*0.15)+(E46*0.25) -> 23.75 | G46: =_xlfn.RANK.EQ(F46,$F$35:$F$64,1) -> 27
... A64: =A31 -> Washington Wizards | B64: =_xlfn.RANK.EQ(B31,$B$2:$B$31,0) -> 2 | C64: =_xlfn.RANK.EQ(C31,$C$2:$C$31,0) -> 30 | D64: =_xlfn.RANK.EQ(D31,$D$2:$D$31,0) -> 25 | E64: =_xlfn.RANK.EQ(E31,$E$2:$E$31,0) -> 30 | F64: =(C64*0.3)+(D64*0.3)+(B64*0.15)+(E64*0.25) -> 24.3 | G64: =_xlfn.RANK.EQ(F64,$F$35:$F$64,1) -> 30

Sheet Rankings
A1: Team | B1: Overall Score | C1: Overall Rank | D1: Win % Rank | F1: Metric | G1: What It Measures | H1: Better Direction | I1: Weight
A2: =Calculations!A48 -> Los Angeles Lakers | B2: =Calculations!F48 -> 7.2 | C2: =Calculations!G48 -> 1 | D2: =Calculations!E48 -> 6 | F2: Revenue/Win Rank | G2: Revenue generated for each win | H2: Higher | I2: 0.15
A3: =Calculations!A54 -> New York Knicks | B3: =Calculations!F54 -> 7.65 | C3: =Calculations!G54 -> 2 | D3: =Calculations!E54 -> 6 | F3: Wins/$1M Rank | G3: Wins generated per $1M of payroll | H3: Higher | I3: 0.3
A4: =Calculations!A36 -> Boston Celtics | B4: =Calculations!F36 -> 8.05 | C4: =Calculations!G36 -> 3 | D4: =Calculations!E36 -> 4 | F4: Rev-to-Payroll Rank | G4: Revenue generated for every $1 of payroll | H4: Higher | I4: 0.3
A5: =Calculations!A61 -> San Antonio Spurs | B5: =Calculations!F61 -> 8.9 | C5: =Calculations!G61 -> 4 | D5: =Calculations!E61 -> 2 | F5: Win % Rank | G5: Team's win percentage rank vs. the league | H5: Higher | I5: 0.25
A6: =Calculations!A45 -> Houston Rockets | B6: =Calculations!F45 -> 9.35 | C6: =Calculations!G45 -> 5 | D6: =Calculations!E45 -> 8 | F6: Overall Score | G6: Weighted average of the four rank columns above | H6: Lower | I6: N/A
A7: =Calculations!A35 -> Atlanta Hawks | B7: =Calculations!F35 -> 9.8 | C7: =Calculations!G35 -> 6 | D7: =Calculations!E35 -> 11 | F7: Overall Rank | G7: Team's overall efficiency rank vs. the league | H7: Lower | I7: N/A
A8: =Calculations!A55 -> Oklahoma City Thunder | B8: =Calculations!F55 -> 10.9 | C8: =Calculations!G55 -> 7 | D8: =Calculations!E55 -> 1
A9: =Calculations!A57 -> Philadelphia 76ers | B9: =Calculations!F57 -> 11.5 | C9: =Calculations!G57 -> 8 | D9: =Calculations!E57 -> 13
A10: =Calculations!A47 -> Los Angeles Clippers | B10: =Calculations!F47 -> 12.15 | C10: =Calculations!G47 -> 9 | D10: =Calculations!E47 -> 18
A11: =Calculations!A44 -> Golden State Warriors | B11: =Calculations!F44 -> 12.35 | C11: =Calculations!G44 -> 10 | D11: =Calculations!E44 -> 20
A12: =Calculations!A42 -> Denver Nuggets | B12: =Calculations!F42 -> 13.25 | C12: =Calculations!G42 -> 11 | D12: =Calculations!E42 -> 5
A13: =Calculations!A58 -> Phoenix Suns | B13: =Calculations!F58 -> 13.75 | C13: =Calculations!G58 -> 12 | D13: =Calculations!E58 -> 13
A14: =Calculations!A43 -> Detroit Pistons | B14: =Calculations!F43 -> 13.95 | C14: =Calculations!G43 -> 13 | D14: =Calculations!E43 -> 3
A15: =Calculations!A62 -> Toronto Raptors | B15: =Calculations!F62 -> 14.45 | C15: =Calculations!G62 -> 14 | D15: =Calculations!E62 -> 11
A16: =Calculations!A40 -> Cleveland Cavaliers | B16: =Calculations!F40 -> 14.45 | C16: =Calculations!G40 -> 14 | D16: =Calculations!E40 -> 8
A17: =Calculations!A50 -> Miami Heat | B17: =Calculations!F50 -> 15.35 | C17: =Calculations!G50 -> 16 | D17: =Calculations!E50 -> 17
A18: =Calculations!A37 -> Brooklyn Nets | B18: =Calculations!F37 -> 15.55 | C18: =Calculations!G37 -> 17 | D18: =Calculations!E37 -> 28
A19: =Calculations!A39 -> Chicago Bulls | B19: =Calculations!F39 -> 16 | C19: =Calculations!G39 -> 18 | D19: =Calculations!E39 -> 22
A20: =Calculations!A38 -> Charlotte Hornets | B20: =Calculations!F38 -> 17.2 | C20: =Calculations!G38 -> 19 | D20: =Calculations!E38 -> 16
A21: =Calculations!A51 -> Milwaukee Bucks | B21: =Calculations!F51 -> 17.85 | C21: =Calculations!G51 -> 20 | D21: =Calculations!E51 -> 21
A22: =Calculations!A41 -> Dallas Mavericks | B22: =Calculations!F41 -> 18.35 | C22: =Calculations!G41 -> 21 | D22: =Calculations!E41 -> 23
A23: =Calculations!A56 -> Orlando Magic | B23: =Calculations!F56 -> 19 | C23: =Calculations!G56 -> 22 | D23: =Calculations!E56 -> 13
A24: =Calculations!A59 -> Portland Trail Blazers | B24: =Calculations!F59 -> 19.2 | C24: =Calculations!G59 -> 23 | D24: =Calculations!E59 -> 18
A25: =Calculations!A63 -> Utah Jazz | B25: =Calculations!F63 -> 19.85 | C25: =Calculations!G63 -> 24 | D25: =Calculations!E63 -> 26
A26: =Calculations!A49 -> Memphis Grizzlies | B26: =Calculations!F49 -> 20.05 | C26: =Calculations!G49 -> 25 | D26: =Calculations!E49 -> 25
A27: =Calculations!A52 -> Minnesota Timberwolves | B27: =Calculations!F52 -> 20.65 | C27: =Calculations!G52 -> 26 | D27: =Calculations!E52 -> 10
A28: =Calculations!A46 -> Indiana Pacers | B28: =Calculations!F46 -> 23.75 | C28: =Calculations!G46 -> 27 | D28: =Calculations!E46 -> 29
A29: =Calculations!A60 -> Sacramento Kings | B29: =Calculations!F60 -> 23.75 | C29: =Calculations!G60 -> 27 | D29: =Calculations!E60 -> 26
A30: =Calculations!A53 -> New Orleans Pelicans | B30: =Calculations!F53 -> 24.2 | C30: =Calculations!G53 -> 29 | D30: =Calculations!E53 -> 23
A31: =Calculations!A64 -> Washington Wizards | B31: =Calculations!F64 -> 24.3 | C31: =Calculations!G64 -> 30 | D31: =Calculations!E64 -> 30

Sheet Dashboard
A1: NBA Financial & Performance Analysis (2025-26 Season)
B2: TOP OVERALL TEAM | F2: BEST PAYROLL EFFICIENCY | J2: BEST REVENUE-TO-PAYROLL | N2: HIGHEST WIN % | R2: AVERAGE PAYROLL
B3: =Rankings!A2 -> Los Angeles Lakers | F3: =INDEX(Calculations!$A$35:$A$64,MATCH(1,Calculations!$C$35:$C$64,0)) -> Oklahoma City Thunder | J3: =INDEX(Calculations!$A$35:$A$64,MATCH(1,Calculations!$D$35:$D$64,0)) -> Golden State Warriors | N3: =INDEX(Calculations!$A$2:$A$31,MATCH(MAX(Calculations!$E$2:$E$31),Calculations!$E$2:$E$31,0)) -> Oklahoma City Thunder | R3: =AVERAGE(nba_team_financials!$B$3:$B$32)/1000000 -> 197.90667
N5: =MAX(Calculations!$E$2:$E$31) -> 0.78
B6: Top 5 Efficient Teams | J6: Bottom 5 Efficient Teams
B7: Rank | C7: Team | D7: Overall Score | E7: Win % Rank | F7: Key Strength | J7: Rank | K7: Team | L7: Overall Score | M7: Win % Rank | N7: Primary Drag
B8: 1 | C8: =Rankings!A2 -> Los Angeles Lakers | D8: =Rankings!B2 -> 7.2 | E8: =Rankings!D2 -> 6 | F8: Top-8 ranks across all 4 metrics | J8: 26 | K8: =Rankings!A27 -> Minnesota Timberwolves | L8: =Rankings!B27 -> 20.65 | M8: =Rankings!D27 -> 10 | N8: #3 spend ($228.8M), #30 Rev/Payroll
B9: 2 | C9: =Rankings!A3 -> New York Knicks | D9: =Rankings!B3 -> 7.65 | E9: =Rankings!D3 -> 6 | F9: $2.54 revenue per $1 payroll | J9: 27 | K9: =Rankings!A28 -> Indiana Pacers | L9: =Rankings!B28 -> 23.75 | M9: =Rankings!D28 -> 29 | N9: 19–63 record (#29 in Wins/$1M)
B10: 3 | C10: =Rankings!A4 -> Boston Celtics | D10: =Rankings!B4 -> 8.05 | E10: =Rankings!D4 -> 4 | F10: 56 wins on mid-tier payroll (#18) | J10: 27 | K10: =Rankings!A29 -> Sacramento Kings | L10: =Rankings!B29 -> 23.75 | M10: =Rankings!D29 -> 26 | N10: $213.9M spend returning only 22 wins
B11: 4 | C11: =Rankings!A5 -> San Antonio Spurs | D11: =Rankings!B5 -> 8.9 | E11: =Rankings!D5 -> 2 | F11: #2 in Wins/$1M payroll ($184.0M spend) | J11: 29 | K11: =Rankings!A30 -> New Orleans Pelicans | L11: =Rankings!B30 -> 24.2 | M11: =Rankings!D30 -> 23 | N11: $207.5M spend paired with #30 revenue
B12: 5 | C12: =Rankings!A6 -> Houston Rockets | D12: =Rankings!B6 -> 9.35 | E12: =Rankings!D6 -> 8 | F12: 52 wins paired with top-10 revenue | J12: 30 | K12: =Rankings!A31 -> Washington Wizards | L12: =Rankings!B31 -> 24.3 | M12: =Rankings!D31 -> 30 | N12: #2 spend ($232.0M), league-worst 17 wins
